{
    "modality": "advanced_fusion",
    "checkpoint": "checkpoints/advanced_fusion_best.pt",
    "accuracy": 0.8243182834152883,
    "macro_precision": 0.750825822583122,
    "macro_recall": 0.7626384140932814,
    "macro_f1": 0.7565571351065407,
    "per_class": {
        "High": {
            "precision": 0.6333333333333333,
            "recall": 0.6643356643356644,
            "f1": 0.6484641638225256,
            "support": 143
        },
        "Medium": {
            "precision": 0.7359375,
            "recall": 0.7536,
            "f1": 0.7446640316205534,
            "support": 625
        },
        "Low": {
            "precision": 0.8832066344160332,
            "recall": 0.8699795779441797,
            "f1": 0.8765432098765432,
            "support": 1469
        }
    }
}