{
    "modality": "fusion",
    "checkpoint": "checkpoints/fusion_best.pt",
    "accuracy": 0.8243182834152883,
    "macro_precision": 0.7480197103328247,
    "macro_recall": 0.7795528601192317,
    "macro_f1": 0.7625303824592088,
    "per_class": {
        "High": {
            "precision": 0.6234567901234568,
            "recall": 0.7062937062937062,
            "f1": 0.6622950819672131,
            "support": 143
        },
        "Medium": {
            "precision": 0.7271364317841079,
            "recall": 0.776,
            "f1": 0.7507739938080495,
            "support": 625
        },
        "Low": {
            "precision": 0.8934659090909091,
            "recall": 0.8563648740639891,
            "f1": 0.8745220716023636,
            "support": 1469
        }
    }
}