{
    "modality": "fusion",
    "checkpoint": "checkpoints/fusion_best.pt",
    "accuracy": 0.8167188198480108,
    "macro_precision": 0.7540765202580272,
    "macro_recall": 0.7557575592549043,
    "macro_f1": 0.7547116123384949,
    "per_class": {
        "High": {
            "precision": 0.6714285714285714,
            "recall": 0.6573426573426573,
            "f1": 0.6643109540636042,
            "support": 143
        },
        "Medium": {
            "precision": 0.7123287671232876,
            "recall": 0.7488,
            "f1": 0.7301092043681747,
            "support": 625
        },
        "Low": {
            "precision": 0.8784722222222222,
            "recall": 0.8611300204220558,
            "f1": 0.8697146785837058,
            "support": 1469
        }
    }
}