{
    "modality": "fusion",
    "checkpoint": "checkpoints/fusion_best.pt",
    "accuracy": 0.8153777380420205,
    "macro_precision": 0.7501987595715064,
    "macro_recall": 0.7699280401014915,
    "macro_f1": 0.7589289236930954,
    "per_class": {
        "High": {
            "precision": 0.6621621621621622,
            "recall": 0.6853146853146853,
            "f1": 0.6735395189003437,
            "support": 143
        },
        "Medium": {
            "precision": 0.6965811965811965,
            "recall": 0.7824,
            "f1": 0.7370007535795027,
            "support": 625
        },
        "Low": {
            "precision": 0.8918529199711608,
            "recall": 0.8420694349897889,
            "f1": 0.8662464985994398,
            "support": 1469
        }
    }
}