{
    "modality": "image",
    "checkpoint": "checkpoints/image_baseline_best.pt",
    "accuracy": 0.8453285650424676,
    "macro_precision": 0.7546105144479517,
    "macro_recall": 0.7276973030636397,
    "macro_f1": 0.7400646138382401,
    "per_class": {
        "High": {
            "precision": 0.5730337078651685,
            "recall": 0.504950495049505,
            "f1": 0.5368421052631579,
            "support": 101
        },
        "Medium": {
            "precision": 0.8127659574468085,
            "recall": 0.764,
            "f1": 0.7876288659793814,
            "support": 750
        },
        "Low": {
            "precision": 0.878031878031878,
            "recall": 0.9141414141414141,
            "f1": 0.895722870272181,
            "support": 1386
        }
    }
}