{
    "modality": "image",
    "checkpoint": "checkpoints/image_baseline_best.pt",
    "accuracy": 0.8332588287885561,
    "macro_precision": 0.7086052956814104,
    "macro_recall": 0.7287530657827688,
    "macro_f1": 0.7138367138367139,
    "per_class": {
        "High": {
            "precision": 0.42105263157894735,
            "recall": 0.5544554455445545,
            "f1": 0.47863247863247865,
            "support": 101
        },
        "Medium": {
            "precision": 0.8346333853354134,
            "recall": 0.7133333333333334,
            "f1": 0.7692307692307693,
            "support": 750
        },
        "Low": {
            "precision": 0.8701298701298701,
            "recall": 0.9184704184704184,
            "f1": 0.8936468936468936,
            "support": 1386
        }
    }
}