{
    "modality": "image",
    "checkpoint": "checkpoints/image_baseline_best.pt",
    "accuracy": 0.8283415288332588,
    "macro_precision": 0.7164373923841375,
    "macro_recall": 0.759966301392044,
    "macro_f1": 0.7351280969899735,
    "per_class": {
        "High": {
            "precision": 0.484375,
            "recall": 0.6138613861386139,
            "f1": 0.5414847161572053,
            "support": 101
        },
        "Medium": {
            "precision": 0.762796504369538,
            "recall": 0.8146666666666667,
            "f1": 0.7878787878787878,
            "support": 750
        },
        "Low": {
            "precision": 0.9021406727828746,
            "recall": 0.8513708513708513,
            "f1": 0.8760207869339273,
            "support": 1386
        }
    }
}