{
    "modality": "text",
    "checkpoint": "checkpoints/text_baseline_best.pt",
    "accuracy": 0.8140366562360304,
    "macro_precision": 0.7386441373312084,
    "macro_recall": 0.774109189925119,
    "macro_f1": 0.754109995909714,
    "per_class": {
        "High": {
            "precision": 0.6226415094339622,
            "recall": 0.6923076923076923,
            "f1": 0.6556291390728477,
            "support": 143
        },
        "Medium": {
            "precision": 0.6926286509040334,
            "recall": 0.7968,
            "f1": 0.7410714285714286,
            "support": 625
        },
        "Low": {
            "precision": 0.9006622516556292,
            "recall": 0.8332198774676651,
            "f1": 0.8656294200848657,
            "support": 1469
        }
    }
}